cutoff_ct	build1_s	build2_s	bytes	byte_identical	snapshot_sha256	periods	IB	opening_type	day_type	lifecycle	known_gaps	terminal	known_future_market
0700	3.2	3.4	19530	True	a655a657bf8248712c606caf5667729e6b298dd222a08925a1986b4845ec2f01	-	NOT_YET_AVAILABLE	NOT_YET_AVAILABLE	NOT_YET_AVAILABLE	OPEN_AS_OF	0	None	0
0829	4.4	4.3	19531	True	8b7927ac05785605e16f798e900a7b3ca47ee6380c861370698ebf5d09bbbf45	-	NOT_YET_AVAILABLE	NOT_YET_AVAILABLE	NOT_YET_AVAILABLE	OPEN_AS_OF	0	None	0
0831	8.5	5.2	35724	True	c84d5b0423694bfb8ffb981f88ebc9d0c31155ec0457c8c867b077236146641a	A	DEVELOPING	NOT_YET_DETERMINED	NOT_YET_DETERMINED	OPEN_AS_OF	0	None	0
0835	5.5	5.6	39189	True	b8fbf6e1e38533745534d4ceeb15e9114e7132db3fe37712b4ca15c97385e989	A	DEVELOPING	NOT_YET_DETERMINED	NOT_YET_DETERMINED	OPEN_AS_OF	0	None	0
0900	6.6	10.5	43996	True	0eefaec53b8b7798d819d1c7419208c23200290afc68c25dc162e9c8ef87548a	A	DEVELOPING	NOT_YET_DETERMINED	NOT_YET_DETERMINED	OPEN_AS_OF	0	None	0
0930	8.8	8.7	86549	True	7bccc352b5e3d2e4a1368576ef266b6aa647dc489fc654e2653e6bd9572b99c1	AB	WINDOW_COMPLETE	WINDOW_COMPLETE	NOT_YET_DETERMINED	OPEN_AS_OF	0	None	0
1000	14.0	9.8	87017	True	7ad9a461ac2ec82d11b0c08b30f1e147415f483a8a8ece7d1ea78d9b946d21c0	ABC	WINDOW_COMPLETE	WINDOW_COMPLETE	NOT_YET_DETERMINED	OPEN_AS_OF	0	None	0
1200	18.7	15.5	87027	True	a19629c58ad64e9ecc3ccf517fbc3c7e218bcaa157d4a846a13caa4c819bb31c	ABCDEFG	WINDOW_COMPLETE	WINDOW_COMPLETE	NOT_YET_DETERMINED	OPEN_AS_OF	0	None	0
1459	23.7	23.6	97441	True	e065675f267ad40783fa2f6b3e4ab4f6edf743d389f7ea28b03a069894b5db88	ABCDEFGHIJKLM	WINDOW_COMPLETE	WINDOW_COMPLETE	NOT_YET_DETERMINED	OPEN_AS_OF	0	None	0
1500	24.4	28.0	121450	True	ee2a288af3f2c5043309c8f69be7b36f8ee0fbc97de01f1a659fa0eb2af35281	ABCDEFGHIJKLM	WINDOW_COMPLETE	WINDOW_COMPLETE	WINDOW_COMPLETE	OPEN_AS_OF	0	7712.75	0
1600	29.2	30.2	121830	True	f35fe79854e54dc1dad718238db0cda3ed051a9321dee935caf4b35ce4ead8d5	ABCDEFGHIJKLM	WINDOW_COMPLETE	WINDOW_COMPLETE	WINDOW_COMPLETE	OPEN_AS_OF	0	7713.00	0
