record	source_order	source_index	market_utc	received_utc	lag_s	visibility	reason
NEW	890634	7691377698262937813	2026-09-30T17:13:40.073000Z	2026-09-30T17:14:00.366056Z	20.293056	VISIBLE	known and before the market cutoff
NEW	890635	7691377698623647959	2026-09-30T17:13:40.159000Z	2026-09-30T17:14:00.366074Z	20.207074	VISIBLE	known and before the market cutoff
NEW	890636	7691377698942415065	2026-09-30T17:13:40.235000Z	2026-09-30T17:14:00.366080Z	20.131080	VISIBLE	known and before the market cutoff
NEW	890641	7691377701144424671	2026-09-30T17:13:40.760000Z	2026-09-30T17:14:00.521091Z	19.761091	VISIBLE	known and before the market cutoff
NEW	890642	7691377701144424672	2026-09-30T17:13:40.760000Z	2026-09-30T17:14:00.521095Z	19.761095	VISIBLE	known and before the market cutoff
NEW	890643	7691377701144424673	2026-09-30T17:13:40.760000Z	2026-09-30T17:14:00.521098Z	19.761098	VISIBLE	known and before the market cutoff
NEW	1396928	7691436023479093005	2026-09-30T20:59:59.992000Z	2026-09-30T21:00:00.009181Z	0.017181	NOT_YET_RECEIVED	received at/after the knowledge cutoff
NEW	1396929	7691436023479093006	2026-09-30T20:59:59.992000Z	2026-09-30T21:00:00.009195Z	0.017195	NOT_YET_RECEIVED	received at/after the knowledge cutoff
NEW	1396930	7691436023479093007	2026-09-30T20:59:59.992000Z	2026-09-30T21:00:00.009199Z	0.017199	NOT_YET_RECEIVED	received at/after the knowledge cutoff
NEW	1396931	7691436023479093008	2026-09-30T20:59:59.992000Z	2026-09-30T21:00:00.009203Z	0.017203	NOT_YET_RECEIVED	received at/after the knowledge cutoff
NEW	1396932	7691436023479093009	2026-09-30T20:59:59.992000Z	2026-09-30T21:00:00.009207Z	0.017207	NOT_YET_RECEIVED	received at/after the knowledge cutoff
NEW	1396933	7691436023479093010	2026-09-30T20:59:59.992000Z	2026-09-30T21:00:00.009212Z	0.017212	NOT_YET_RECEIVED	received at/after the knowledge cutoff
NEW	1396934	7691436023479093011	2026-09-30T20:59:59.992000Z	2026-09-30T21:00:00.009215Z	0.017215	NOT_YET_RECEIVED	received at/after the knowledge cutoff
NEW	1396935	7691436023479093012	2026-09-30T20:59:59.992000Z	2026-09-30T21:00:00.009219Z	0.017219	NOT_YET_RECEIVED	received at/after the knowledge cutoff
NEW	1396936	7691436023479093013	2026-09-30T20:59:59.992000Z	2026-09-30T21:00:00.009223Z	0.017223	NOT_YET_RECEIVED	received at/after the knowledge cutoff
