trading_date	dataset	seconds
2026-09-10	f6553efa	0.9
2026-09-11	3716af9f	85.3
2026-09-15	b07e92d4	16.9
2026-09-21	64d684c9	76.2
2026-09-23	b2856c52	97.5
2026-09-24	31c92a57	114.5
2026-09-25	c690ff8e	109.2
2026-09-28	843a6ca0	112.7
2026-09-29	6af08205	104.2
2026-09-30	9ac5a21e	119.8
2026-10-01	fe280370	142.3
2026-10-02	7e8d7b5e	116.9
2026-10-06	2b6cc528	76.0
2026-09-02	9c76e79c	81.5
2026-09-07	85eccb13	9.2
2026-09-08	e3110b72	85.8
2026-08-26	30960d24	0.9
2026-08-27	e068b74f	2.6
2026-08-28	5a5fbbce	1.8
2026-08-31	c9ebc043	18.1
2026-08-31	befb7b0e	11.6
2026-09-01	bb8cce1f	1.6
TOTAL		1385.4
