trading_date	dataset_id	v1_record_vs_frozen
2026-08-26	30960d24-c597-4644-96df-133ceb50a260	IDENTICAL
2026-08-27	e068b74f-39aa-494f-8786-028913e48906	IDENTICAL
2026-08-28	5a5fbbce-045b-4da2-b57b-ce1a2e2b76b4	IDENTICAL
2026-08-31	befb7b0e-9a69-4001-ac2b-90405e0c28ed	IDENTICAL
2026-08-31	c9ebc043-beaa-4931-a5d6-29064f7a6e3c	IDENTICAL
2026-09-01	bb8cce1f-5c8c-478f-81c9-1ce1b4ef2de5	IDENTICAL
2026-09-02	9c76e79c-f4dd-45c7-acb9-d9890dc20671	IDENTICAL
2026-09-07	85eccb13-9432-4163-a078-f9bdbb2f5973	IDENTICAL
2026-09-08	e3110b72-9cb3-4478-96fa-84b7f3aedd0d	IDENTICAL
2026-09-10	f6553efa-30e3-4410-b49d-b659a36b9048	IDENTICAL
2026-09-11	3716af9f-28bf-4611-b56c-cbeb8a4f0fff	IDENTICAL
2026-09-15	b07e92d4-fcdd-4731-a670-f2acbdeba7f0	IDENTICAL
2026-09-21	64d684c9-c22b-4a87-8224-a2a9f7b17e40	IDENTICAL
2026-09-23	b2856c52-17a5-43f4-941c-aa311e8558e9	IDENTICAL
2026-09-24	31c92a57-242c-4b25-a983-0086c811ed9a	IDENTICAL
2026-09-25	c690ff8e-28ac-4d7b-9107-e896987a6520	IDENTICAL
2026-09-28	843a6ca0-3cf3-4878-b53c-a848e72bece5	IDENTICAL
2026-09-29	6af08205-90f9-4735-809f-c7b8a62bda65	IDENTICAL
2026-09-30	9ac5a21e-a5c0-427c-91fc-af300539b711	IDENTICAL
2026-10-01	fe280370-99f6-4265-8bf1-a4ce7580f940	IDENTICAL
2026-10-02	7e8d7b5e-d7b8-4286-92a2-320bfd26723d	IDENTICAL
2026-10-06	2b6cc528-8928-4c2b-a27d-77794fc61d26	IDENTICAL
